{
	"parent": "block/thin_block",
	"textures": {
		"1": "block/cherry_trapdoor_sides",
		"particle": "block/cherry_trapdoor"
	},
	"elements": [
		{
			"name": "top",
			"from": [0, 11, 13],
			"to": [16, 16, 16],
			"faces": {
				"north": {"uv": [0, 5, 16, 0], "rotation": 180, "texture": "#particle"},
				"east": {"uv": [11, 4, 16, 7], "rotation": 270, "texture": "#1"},
				"south": {"uv": [0, 0, 16, 5], "texture": "#particle"},
				"west": {"uv": [0, 12, 5, 15], "rotation": 90, "texture": "#1"},
				"up": {"uv": [0, 0, 16, 3], "rotation": 180, "texture": "#1"},
				"down": {"uv": [5, 4, 11, 5], "texture": "#particle"}
			}
		},
		{
			"name": "left bit",
			"from": [0, 5, 13],
			"to": [5, 11, 16],
			"faces": {
				"north": {"uv": [0, 5, 5, 11], "rotation": 180, "texture": "#particle"},
				"east": {"uv": [4, 5, 5, 11], "rotation": 270, "texture": "#particle"},
				"south": {"uv": [0, 5, 5, 11], "texture": "#particle"},
				"west": {"uv": [5, 12, 11, 15], "rotation": 90, "texture": "#1"},
				"up": {"uv": [0, 0, 5, 3], "rotation": 180, "texture": "#particle", "cullface": "up"},
				"down": {"uv": [0, 0, 5, 3], "texture": "#particle", "cullface": "down"}
			}
		},
		{
			"name": "window",
			"from": [5, 5, 13.3],
			"to": [11, 11, 15.7],
			"faces": {
				"north": {"uv": [5, 11, 11, 5], "rotation": 180, "texture": "#particle"},
				"east": {"uv": [0, 0, 6, 3], "rotation": 270, "texture": "#particle", "cullface": "east"},
				"south": {"uv": [5, 5, 11, 11], "texture": "#particle"},
				"west": {"uv": [0, 0, 6, 3], "rotation": 90, "texture": "#particle", "cullface": "west"},
				"up": {"uv": [0, 0, 6, 3], "rotation": 180, "texture": "#particle", "cullface": "up"},
				"down": {"uv": [0, 0, 6, 3], "texture": "#particle", "cullface": "down"}
			}
		},
		{
			"name": "right bit",
			"from": [11, 5, 13],
			"to": [16, 11, 16],
			"faces": {
				"north": {"uv": [11, 5, 16, 11], "rotation": 180, "texture": "#particle"},
				"east": {"uv": [5, 4, 11, 7], "rotation": 270, "texture": "#1"},
				"south": {"uv": [11, 5, 16, 11], "texture": "#particle"},
				"west": {"uv": [11, 5, 12, 11], "rotation": 180, "texture": "#particle"},
				"up": {"uv": [0, 0, 5, 3], "rotation": 180, "texture": "#particle"},
				"down": {"uv": [0, 0, 5, 3], "texture": "#particle"}
			}
		},
		{
			"name": "bottom",
			"from": [0, 0, 13],
			"to": [16, 5, 16],
			"faces": {
				"north": {"uv": [0, 16, 16, 11], "rotation": 180, "texture": "#particle"},
				"east": {"uv": [0, 4, 5, 7], "rotation": 270, "texture": "#1"},
				"south": {"uv": [0, 11, 16, 16], "texture": "#particle"},
				"west": {"uv": [11, 12, 16, 15], "rotation": 90, "texture": "#1"},
				"up": {"uv": [5, 11, 11, 12], "rotation": 180, "texture": "#particle"},
				"down": {"uv": [0, 8, 16, 11], "texture": "#1"}
			}
		}
	]
}