{
	"credit": "Made with Blockbench",
	"parent": "block/thin_block",
	"textures": {
		"0": "block/jungle_trapdoor",
		"1": "block/jungle_trapdoor_sides",
		"particle": "block/jungle_trapdoor"
	},
	"elements": [
		{
			"name": "top",
			"from": [0, 0, 0],
			"to": [16, 3, 5],
			"faces": {
				"north": {"uv": [0, 0, 16, 3], "texture": "#1"},
				"east": {"uv": [11, 4, 16, 7], "texture": "#1"},
				"south": {"uv": [0, 0, 16, 3], "texture": "#1"},
				"west": {"uv": [0, 12, 5, 15], "texture": "#1"},
				"up": {"uv": [0, 0, 16, 5], "texture": "#0"},
				"down": {"uv": [16, 0, 0, 5], "rotation": 180, "texture": "#0"}
			}
		},
		{
			"name": "left bit",
			"from": [0, 0, 5],
			"to": [5, 3, 11],
			"faces": {
				"north": {"uv": [0, 0, 5, 3], "texture": "#particle", "cullface": "north"},
				"east": {"uv": [5, 12, 11, 15], "texture": "#1"},
				"south": {"uv": [0, 0, 5, 3], "texture": "#particle", "cullface": "south"},
				"west": {"uv": [5, 12, 11, 15], "texture": "#1"},
				"up": {"uv": [0, 5, 5, 11], "texture": "#0"},
				"down": {"uv": [5, 5, 0, 11], "rotation": 180, "texture": "#0"}
			}
		},
		{
			"name": "right bit",
			"from": [11, 0, 5],
			"to": [16, 3, 11],
			"faces": {
				"north": {"uv": [0, 0, 5, 3], "texture": "#particle", "cullface": "north"},
				"east": {"uv": [5, 4, 11, 7], "texture": "#1"},
				"south": {"uv": [0, 0, 5, 3], "texture": "#particle", "cullface": "south"},
				"west": {"uv": [5, 4, 11, 7], "texture": "#1"},
				"up": {"uv": [11, 5, 16, 11], "texture": "#0"},
				"down": {"uv": [16, 5, 11, 11], "rotation": 180, "texture": "#0"}
			}
		},
		{
			"name": "bottom",
			"from": [0, 0, 11],
			"to": [16, 3, 16],
			"faces": {
				"north": {"uv": [0, 8, 16, 11], "texture": "#1"},
				"east": {"uv": [0, 4, 5, 7], "texture": "#1"},
				"south": {"uv": [0, 8, 16, 11], "texture": "#1"},
				"west": {"uv": [11, 12, 16, 15], "texture": "#1"},
				"up": {"uv": [0, 11, 16, 16], "texture": "#0"},
				"down": {"uv": [16, 11, 0, 16], "rotation": 180, "texture": "#0"}
			}
		}
	]
}