{
  "variants": {
    "axis=x": [
      {	"model": "block/blockstates_random/basalt_1", "x": 90, "y": 90, "weight": 3 },
	{	"model": "block/blockstates_random/basalt_2", "x": 90, "y": 90, "weight": 2 },
	{	"model": "block/blockstates_random/basalt_3", "x": 90, "y": 90, "weight": 1 }
    ],
	
	
    "axis=y": [
      {	"model": "block/blockstates_random/basalt_1", "weight": 3 },
	{	"model": "block/blockstates_random/basalt_2", "weight": 2 },
	{	"model": "block/blockstates_random/basalt_3", "weight": 1 }
    ],
	

    "axis=z": [
      {	"model": "block/blockstates_random/basalt_1", "x": 90, "weight": 3 },
	{	"model": "block/blockstates_random/basalt_2", "x": 90, "weight": 2 },
	{	"model": "block/blockstates_random/basalt_3", "x": 90, "weight": 1 }
    ]
  }
}