{
  "variants": {
    "type=bottom": [
            {                      "model": "block/cut_red_sandstone_slab", "weight": 4 },
            { "model": "block/blockstates_random/cut_red_sandstone_slab_1", "weight": 3 },
            { "model": "block/blockstates_random/cut_red_sandstone_slab_2", "weight": 3 }
        ],
    "type=double": [
            {                      "model": "block/cut_red_sandstone", "weight": 4 },
            { "model": "block/blockstates_random/cut_red_sandstone_1", "weight": 3 },
            { "model": "block/blockstates_random/cut_red_sandstone_2", "weight": 3 }
        ],
    "type=top": [
            {                      "model": "block/cut_red_sandstone_slab_top", "weight": 4 },
            { "model": "block/blockstates_random/cut_red_sandstone_slab_top_1", "weight": 3 },
            { "model": "block/blockstates_random/cut_red_sandstone_slab_top_2", "weight": 3 }
        ]
  }
}